Date & Time,companyName,previousOpen,dayLow,dayHigh,currentValue
03/Jun/2021 | 10:23:02,RELIANCE INDUSTRIES LTD.,2222.00,2196.10,2250.00,2209.25
03/Jun/2021 | 10:23:02,RELIANCE INDUSTRIES LTD.,2222.00,2196.10,2250.00,2209.25
03/Jun/2021 | 10:23:02,RELIANCE INDUSTRIES LTD.,2222.00,2196.10,2250.00,2209.25
03/Jun/2021 | 10:23:02,RELIANCE INDUSTRIES LTD.,2222.00,2196.10,2250.00,2209.25
03/Jun/2021 | 10:23:02,RELIANCE INDUSTRIES LTD.,2222.00,2196.10,2250.00,2209.25
03/Jun/2021 | 10:23:02,RELIANCE INDUSTRIES LTD.,2222.00,2196.10,2250.00,2209.25
03/Jun/2021 | 10:23:13,RELIANCE INDUSTRIES LTD.,2222.00,2196.10,2250.00,2209.25
03/Jun/2021 | 10:23:23,RELIANCE INDUSTRIES LTD.,2222.00,2196.10,2250.00,2209.25
03/Jun/2021 | 10:23:33,RELIANCE INDUSTRIES LTD.,2222.00,2196.10,2250.00,2209.25
03/Jun/2021 | 10:23:43,RELIANCE INDUSTRIES LTD.,2222.00,2196.10,2250.00,2209.25
03/Jun/2021 | 10:23:54,RELIANCE INDUSTRIES LTD.,2222.00,2196.10,2250.00,2209.25
03/Jun/2021 | 10:24:04,RELIANCE INDUSTRIES LTD.,2222.00,2196.10,2250.00,2209.25
03/Jun/2021 | 10:57:17,RELIANCE INDUSTRIES LTD.,2222.00,2196.10,2250.00,2209.25
04/Jun/2021 | 05:45:59,RELIANCE INDUSTRIES LTD.,2219.00,2190.85,2219.00,2191.00
04/Jun/2021 | 05:46:10,RELIANCE INDUSTRIES LTD.,2219.00,2190.85,2219.00,2191.00
04/Jun/2021 | 05:46:20,RELIANCE INDUSTRIES LTD.,2219.00,2190.85,2219.00,2191.00
04/Jun/2021 | 05:46:30,RELIANCE INDUSTRIES LTD.,2219.00,2190.85,2219.00,2191.00
04/Jun/2021 | 05:46:41,RELIANCE INDUSTRIES LTD.,2219.00,2190.85,2219.00,2191.00
04/Jun/2021 | 05:46:51,RELIANCE INDUSTRIES LTD.,2219.00,2190.85,2219.00,2191.00
04/Jun/2021 | 05:47:01,RELIANCE INDUSTRIES LTD.,2219.00,2190.85,2219.00,2191.00
04/Jun/2021 | 05:47:11,RELIANCE INDUSTRIES LTD.,2219.00,2188.55,2219.00,2191.00
04/Jun/2021 | 05:47:22,RELIANCE INDUSTRIES LTD.,2219.00,2190.85,2219.00,2191.00
04/Jun/2021 | 05:47:32,RELIANCE INDUSTRIES LTD.,2219.00,2188.55,2219.00,2191.00
04/Jun/2021 | 05:47:42,RELIANCE INDUSTRIES LTD.,2219.00,2188.55,2219.00,2191.00
04/Jun/2021 | 05:47:52,RELIANCE INDUSTRIES LTD.,2219.00,2188.55,2219.00,2191.00
04/Jun/2021 | 05:48:02,RELIANCE INDUSTRIES LTD.,2219.00,2188.55,2219.00,2191.00
04/Jun/2021 | 05:48:13,RELIANCE INDUSTRIES LTD.,2219.00,2188.55,2219.00,2191.00
04/Jun/2021 | 05:48:23,RELIANCE INDUSTRIES LTD.,2219.00,2188.55,2219.00,2189.15
04/Jun/2021 | 05:48:33,RELIANCE INDUSTRIES LTD.,2219.00,2188.55,2219.00,2189.15
04/Jun/2021 | 05:48:43,RELIANCE INDUSTRIES LTD.,2219.00,2188.55,2219.00,2189.15
04/Jun/2021 | 05:48:53,RELIANCE INDUSTRIES LTD.,2219.00,2188.55,2219.00,2189.15
04/Jun/2021 | 05:49:03,RELIANCE INDUSTRIES LTD.,2219.00,2188.55,2219.00,2189.15
04/Jun/2021 | 05:49:13,RELIANCE INDUSTRIES LTD.,2219.00,2188.55,2219.00,2189.15
04/Jun/2021 | 05:49:23,RELIANCE INDUSTRIES LTD.,2219.00,2188.55,2219.00,2189.15
04/Jun/2021 | 05:49:33,RELIANCE INDUSTRIES LTD.,2219.00,2183.80,2219.00,2189.25
04/Jun/2021 | 05:49:44,RELIANCE INDUSTRIES LTD.,2219.00,2183.80,2219.00,2189.25
04/Jun/2021 | 05:49:54,RELIANCE INDUSTRIES LTD.,2219.00,2183.80,2219.00,2189.25
04/Jun/2021 | 05:50:04,RELIANCE INDUSTRIES LTD.,2219.00,2183.80,2219.00,2189.25
04/Jun/2021 | 05:50:14,RELIANCE INDUSTRIES LTD.,2219.00,2183.80,2219.00,2189.25
04/Jun/2021 | 05:50:24,RELIANCE INDUSTRIES LTD.,2219.00,2183.80,2219.00,2186.70
04/Jun/2021 | 05:50:34,RELIANCE INDUSTRIES LTD.,2219.00,2183.80,2219.00,2186.70
04/Jun/2021 | 05:50:44,RELIANCE INDUSTRIES LTD.,2219.00,2183.80,2219.00,2186.70
04/Jun/2021 | 05:50:54,RELIANCE INDUSTRIES LTD.,2219.00,2183.80,2219.00,2186.70
04/Jun/2021 | 05:51:05,RELIANCE INDUSTRIES LTD.,2219.00,2183.80,2219.00,2186.70
04/Jun/2021 | 05:51:16,RELIANCE INDUSTRIES LTD.,2219.00,2183.80,2219.00,2186.70
04/Jun/2021 | 05:51:26,RELIANCE INDUSTRIES LTD.,2219.00,2183.80,2219.00,2186.70
04/Jun/2021 | 05:51:36,RELIANCE INDUSTRIES LTD.,2219.00,2183.80,2219.00,2186.50
04/Jun/2021 | 05:51:46,RELIANCE INDUSTRIES LTD.,2219.00,2183.80,2219.00,2186.50
04/Jun/2021 | 05:51:56,RELIANCE INDUSTRIES LTD.,2219.00,2183.80,2219.00,2186.50
04/Jun/2021 | 05:52:06,RELIANCE INDUSTRIES LTD.,2219.00,2183.80,2219.00,2186.50
04/Jun/2021 | 05:52:16,RELIANCE INDUSTRIES LTD.,2219.00,2183.80,2219.00,2186.50
04/Jun/2021 | 05:52:26,RELIANCE INDUSTRIES LTD.,2219.00,2183.80,2219.00,2186.50
04/Jun/2021 | 05:52:36,RELIANCE INDUSTRIES LTD.,2219.00,2183.80,2219.00,2189.00
04/Jun/2021 | 05:52:46,RELIANCE INDUSTRIES LTD.,2219.00,2183.80,2219.00,2189.00
04/Jun/2021 | 05:52:56,RELIANCE INDUSTRIES LTD.,2219.00,2183.80,2219.00,2189.00
04/Jun/2021 | 05:53:07,RELIANCE INDUSTRIES LTD.,2219.00,2183.80,2219.00,2189.00
04/Jun/2021 | 05:53:17,RELIANCE INDUSTRIES LTD.,2219.00,2183.80,2219.00,2189.00
04/Jun/2021 | 05:53:27,RELIANCE INDUSTRIES LTD.,2219.00,2183.80,2219.00,2190.40
04/Jun/2021 | 05:53:37,RELIANCE INDUSTRIES LTD.,2219.00,2183.80,2219.00,2190.40
04/Jun/2021 | 05:53:47,RELIANCE INDUSTRIES LTD.,2219.00,2183.80,2219.00,2190.40
04/Jun/2021 | 05:53:57,RELIANCE INDUSTRIES LTD.,2219.00,2183.80,2219.00,2190.40
04/Jun/2021 | 05:54:08,RELIANCE INDUSTRIES LTD.,2219.00,2183.80,2219.00,2190.40
04/Jun/2021 | 05:54:18,RELIANCE INDUSTRIES LTD.,2219.00,2183.80,2219.00,2190.40
04/Jun/2021 | 05:54:28,RELIANCE INDUSTRIES LTD.,2219.00,2183.80,2219.00,2190.40
04/Jun/2021 | 05:54:38,RELIANCE INDUSTRIES LTD.,2219.00,2183.80,2219.00,2189.80
04/Jun/2021 | 05:54:48,RELIANCE INDUSTRIES LTD.,2219.00,2183.80,2219.00,2189.80
04/Jun/2021 | 05:54:59,RELIANCE INDUSTRIES LTD.,2219.00,2183.80,2219.00,2189.80
04/Jun/2021 | 05:55:09,RELIANCE INDUSTRIES LTD.,2219.00,2183.80,2219.00,2189.80
04/Jun/2021 | 05:55:19,RELIANCE INDUSTRIES LTD.,2219.00,2183.80,2219.00,2189.80
04/Jun/2021 | 05:55:29,RELIANCE INDUSTRIES LTD.,2219.00,2183.80,2219.00,2189.80
04/Jun/2021 | 05:55:39,RELIANCE INDUSTRIES LTD.,2219.00,2183.80,2219.00,2187.50
04/Jun/2021 | 05:55:49,RELIANCE INDUSTRIES LTD.,2219.00,2183.80,2219.00,2187.50
04/Jun/2021 | 05:55:59,RELIANCE INDUSTRIES LTD.,2219.00,2183.80,2219.00,2187.50
04/Jun/2021 | 05:56:09,RELIANCE INDUSTRIES LTD.,2219.00,2183.80,2219.00,2187.50
04/Jun/2021 | 05:56:19,RELIANCE INDUSTRIES LTD.,2219.00,2183.80,2219.00,2187.50
04/Jun/2021 | 05:56:29,RELIANCE INDUSTRIES LTD.,2219.00,2183.80,2219.00,2187.50
04/Jun/2021 | 05:56:39,RELIANCE INDUSTRIES LTD.,2219.00,2183.80,2219.00,2188.20
04/Jun/2021 | 05:56:50,RELIANCE INDUSTRIES LTD.,2219.00,2183.80,2219.00,2188.20
04/Jun/2021 | 05:57:00,RELIANCE INDUSTRIES LTD.,2219.00,2183.80,2219.00,2188.20
04/Jun/2021 | 05:57:11,RELIANCE INDUSTRIES LTD.,2219.00,2183.80,2219.00,2188.20
04/Jun/2021 | 05:57:21,RELIANCE INDUSTRIES LTD.,2219.00,2183.80,2219.00,2188.20
04/Jun/2021 | 05:57:31,RELIANCE INDUSTRIES LTD.,2219.00,2183.80,2219.00,2188.20
04/Jun/2021 | 05:57:41,RELIANCE INDUSTRIES LTD.,2219.00,2183.80,2219.00,2188.35
04/Jun/2021 | 05:57:51,RELIANCE INDUSTRIES LTD.,2219.00,2183.80,2219.00,2188.35
04/Jun/2021 | 05:58:01,RELIANCE INDUSTRIES LTD.,2219.00,2183.80,2219.00,2188.35
04/Jun/2021 | 05:58:11,RELIANCE INDUSTRIES LTD.,2219.00,2183.80,2219.00,2188.35
04/Jun/2021 | 05:58:21,RELIANCE INDUSTRIES LTD.,2219.00,2183.80,2219.00,2188.35
04/Jun/2021 | 05:58:32,RELIANCE INDUSTRIES LTD.,2219.00,2183.80,2219.00,2188.35
04/Jun/2021 | 05:58:42,RELIANCE INDUSTRIES LTD.,2219.00,2183.80,2219.00,2188.35
04/Jun/2021 | 05:58:52,RELIANCE INDUSTRIES LTD.,2219.00,2183.80,2219.00,2189.30
04/Jun/2021 | 05:59:02,RELIANCE INDUSTRIES LTD.,2219.00,2183.80,2219.00,2189.30
04/Jun/2021 | 05:59:12,RELIANCE INDUSTRIES LTD.,2219.00,2183.80,2219.00,2189.30
04/Jun/2021 | 05:59:22,RELIANCE INDUSTRIES LTD.,2219.00,2183.80,2219.00,2189.30
04/Jun/2021 | 05:59:32,RELIANCE INDUSTRIES LTD.,2219.00,2183.80,2219.00,2189.30
04/Jun/2021 | 05:59:42,RELIANCE INDUSTRIES LTD.,2219.00,2183.80,2219.00,2189.30
04/Jun/2021 | 05:59:52,RELIANCE INDUSTRIES LTD.,2219.00,2183.80,2219.00,2189.05
04/Jun/2021 | 06:00:02,RELIANCE INDUSTRIES LTD.,2219.00,2183.80,2219.00,2189.05
04/Jun/2021 | 06:00:13,RELIANCE INDUSTRIES LTD.,2219.00,2183.80,2219.00,2189.05
04/Jun/2021 | 06:00:23,RELIANCE INDUSTRIES LTD.,2219.00,2183.80,2219.00,2189.05
04/Jun/2021 | 06:00:33,RELIANCE INDUSTRIES LTD.,2219.00,2183.80,2219.00,2189.05
04/Jun/2021 | 06:00:43,RELIANCE INDUSTRIES LTD.,2219.00,2183.80,2219.00,2189.05
04/Jun/2021 | 06:00:53,RELIANCE INDUSTRIES LTD.,2219.00,2183.80,2219.00,2189.90
04/Jun/2021 | 06:01:03,RELIANCE INDUSTRIES LTD.,2219.00,2183.80,2219.00,2189.05
04/Jun/2021 | 06:01:13,RELIANCE INDUSTRIES LTD.,2219.00,2183.80,2219.00,2189.90
04/Jun/2021 | 06:01:24,RELIANCE INDUSTRIES LTD.,2219.00,2183.80,2219.00,2189.90
04/Jun/2021 | 06:01:34,RELIANCE INDUSTRIES LTD.,2219.00,2183.80,2219.00,2189.90
04/Jun/2021 | 06:01:44,RELIANCE INDUSTRIES LTD.,2219.00,2183.80,2219.00,2189.90
04/Jun/2021 | 06:01:54,RELIANCE INDUSTRIES LTD.,2219.00,2183.80,2219.00,2189.90
04/Jun/2021 | 06:02:04,RELIANCE INDUSTRIES LTD.,2219.00,2183.80,2219.00,2190.90
04/Jun/2021 | 06:02:14,RELIANCE INDUSTRIES LTD.,2219.00,2183.80,2219.00,2190.90
04/Jun/2021 | 06:02:24,RELIANCE INDUSTRIES LTD.,2219.00,2183.80,2219.00,2190.90
04/Jun/2021 | 06:02:34,RELIANCE INDUSTRIES LTD.,2219.00,2183.80,2219.00,2190.90
04/Jun/2021 | 06:02:44,RELIANCE INDUSTRIES LTD.,2219.00,2183.80,2219.00,2190.90
04/Jun/2021 | 06:02:54,RELIANCE INDUSTRIES LTD.,2219.00,2183.80,2219.00,2189.60
04/Jun/2021 | 06:03:04,RELIANCE INDUSTRIES LTD.,2219.00,2183.80,2219.00,2190.90
04/Jun/2021 | 06:03:15,RELIANCE INDUSTRIES LTD.,2219.00,2183.80,2219.00,2189.60
04/Jun/2021 | 06:03:25,RELIANCE INDUSTRIES LTD.,2219.00,2183.80,2219.00,2189.60
04/Jun/2021 | 06:03:35,RELIANCE INDUSTRIES LTD.,2219.00,2183.80,2219.00,2189.60
04/Jun/2021 | 06:03:45,RELIANCE INDUSTRIES LTD.,2219.00,2183.80,2219.00,2189.60
04/Jun/2021 | 06:03:55,RELIANCE INDUSTRIES LTD.,2219.00,2183.80,2219.00,2189.60
04/Jun/2021 | 06:04:05,RELIANCE INDUSTRIES LTD.,2219.00,2183.80,2219.00,2190.30
04/Jun/2021 | 06:04:15,RELIANCE INDUSTRIES LTD.,2219.00,2183.80,2219.00,2190.30
04/Jun/2021 | 06:04:25,RELIANCE INDUSTRIES LTD.,2219.00,2183.80,2219.00,2190.30
04/Jun/2021 | 06:04:35,RELIANCE INDUSTRIES LTD.,2219.00,2183.80,2219.00,2190.30
04/Jun/2021 | 06:04:45,RELIANCE INDUSTRIES LTD.,2219.00,2183.80,2219.00,2190.30
04/Jun/2021 | 06:04:56,RELIANCE INDUSTRIES LTD.,2219.00,2183.80,2219.00,2190.30
04/Jun/2021 | 06:05:06,RELIANCE INDUSTRIES LTD.,2219.00,2183.80,2219.00,2190.60
04/Jun/2021 | 06:05:16,RELIANCE INDUSTRIES LTD.,2219.00,2183.80,2219.00,2190.60
04/Jun/2021 | 06:05:26,RELIANCE INDUSTRIES LTD.,2219.00,2183.80,2219.00,2190.60
04/Jun/2021 | 06:05:36,RELIANCE INDUSTRIES LTD.,2219.00,2183.80,2219.00,2190.60
04/Jun/2021 | 06:05:46,RELIANCE INDUSTRIES LTD.,2219.00,2183.80,2219.00,2190.60
04/Jun/2021 | 06:05:56,RELIANCE INDUSTRIES LTD.,2219.00,2183.80,2219.00,2192.30
04/Jun/2021 | 06:06:06,RELIANCE INDUSTRIES LTD.,2219.00,2183.80,2219.00,2190.60
04/Jun/2021 | 06:06:16,RELIANCE INDUSTRIES LTD.,2219.00,2183.80,2219.00,2192.30
04/Jun/2021 | 06:06:26,RELIANCE INDUSTRIES LTD.,2219.00,2183.80,2219.00,2192.30
04/Jun/2021 | 06:06:36,RELIANCE INDUSTRIES LTD.,2219.00,2183.80,2219.00,2192.30
04/Jun/2021 | 06:06:47,RELIANCE INDUSTRIES LTD.,2219.00,2183.80,2219.00,2192.30
04/Jun/2021 | 06:06:57,RELIANCE INDUSTRIES LTD.,2219.00,2183.80,2219.00,2192.30
04/Jun/2021 | 06:07:07,RELIANCE INDUSTRIES LTD.,2219.00,2183.80,2219.00,2193.90
04/Jun/2021 | 06:07:17,RELIANCE INDUSTRIES LTD.,2219.00,2183.80,2219.00,2193.90
04/Jun/2021 | 06:07:27,RELIANCE INDUSTRIES LTD.,2219.00,2183.80,2219.00,2193.90
04/Jun/2021 | 06:07:37,RELIANCE INDUSTRIES LTD.,2219.00,2183.80,2219.00,2193.90
04/Jun/2021 | 06:07:47,RELIANCE INDUSTRIES LTD.,2219.00,2183.80,2219.00,2193.90
04/Jun/2021 | 06:07:57,RELIANCE INDUSTRIES LTD.,2219.00,2183.80,2219.00,2192.20
04/Jun/2021 | 06:08:07,RELIANCE INDUSTRIES LTD.,2219.00,2183.80,2219.00,2192.20
04/Jun/2021 | 06:08:17,RELIANCE INDUSTRIES LTD.,2219.00,2183.80,2219.00,2192.20
04/Jun/2021 | 06:08:27,RELIANCE INDUSTRIES LTD.,2219.00,2183.80,2219.00,2192.20
04/Jun/2021 | 06:08:37,RELIANCE INDUSTRIES LTD.,2219.00,2183.80,2219.00,2192.20
04/Jun/2021 | 06:08:49,RELIANCE INDUSTRIES LTD.,2219.00,2183.80,2219.00,2192.20
04/Jun/2021 | 06:08:59,RELIANCE INDUSTRIES LTD.,2219.00,2183.80,2219.00,2192.00
04/Jun/2021 | 06:09:09,RELIANCE INDUSTRIES LTD.,2219.00,2183.80,2219.00,2192.00
04/Jun/2021 | 06:09:19,RELIANCE INDUSTRIES LTD.,2219.00,2183.80,2219.00,2192.00
04/Jun/2021 | 06:09:29,RELIANCE INDUSTRIES LTD.,2219.00,2183.80,2219.00,2192.00
04/Jun/2021 | 06:09:39,RELIANCE INDUSTRIES LTD.,2219.00,2183.80,2219.00,2192.00
04/Jun/2021 | 06:09:49,RELIANCE INDUSTRIES LTD.,2219.00,2183.80,2219.00,2192.00
04/Jun/2021 | 06:09:59,RELIANCE INDUSTRIES LTD.,2219.00,2183.80,2219.00,2192.00
04/Jun/2021 | 06:10:10,RELIANCE INDUSTRIES LTD.,2219.00,2183.80,2219.00,2193.00
04/Jun/2021 | 06:10:20,RELIANCE INDUSTRIES LTD.,2219.00,2183.80,2219.00,2193.00
04/Jun/2021 | 06:10:30,RELIANCE INDUSTRIES LTD.,2219.00,2183.80,2219.00,2193.00
04/Jun/2021 | 06:10:40,RELIANCE INDUSTRIES LTD.,2219.00,2183.80,2219.00,2193.00
04/Jun/2021 | 06:10:50,RELIANCE INDUSTRIES LTD.,2219.00,2183.80,2219.00,2193.00
04/Jun/2021 | 06:11:00,RELIANCE INDUSTRIES LTD.,2219.00,2183.80,2219.00,2194.70
04/Jun/2021 | 06:11:10,RELIANCE INDUSTRIES LTD.,2219.00,2183.80,2219.00,2193.00
04/Jun/2021 | 06:11:20,RELIANCE INDUSTRIES LTD.,2219.00,2183.80,2219.00,2194.70
04/Jun/2021 | 06:11:30,RELIANCE INDUSTRIES LTD.,2219.00,2183.80,2219.00,2194.70
04/Jun/2021 | 06:11:40,RELIANCE INDUSTRIES LTD.,2219.00,2183.80,2219.00,2194.70
04/Jun/2021 | 06:11:50,RELIANCE INDUSTRIES LTD.,2219.00,2183.80,2219.00,2194.70
04/Jun/2021 | 06:12:01,RELIANCE INDUSTRIES LTD.,2219.00,2183.80,2219.00,2195.00
04/Jun/2021 | 06:12:11,RELIANCE INDUSTRIES LTD.,2219.00,2183.80,2219.00,2194.70
04/Jun/2021 | 06:12:21,RELIANCE INDUSTRIES LTD.,2219.00,2183.80,2219.00,2195.00
04/Jun/2021 | 06:12:31,RELIANCE INDUSTRIES LTD.,2219.00,2183.80,2219.00,2195.00
04/Jun/2021 | 06:12:41,RELIANCE INDUSTRIES LTD.,2219.00,2183.80,2219.00,2195.00
04/Jun/2021 | 06:12:51,RELIANCE INDUSTRIES LTD.,2219.00,2183.80,2219.00,2195.00
04/Jun/2021 | 06:13:01,RELIANCE INDUSTRIES LTD.,2219.00,2183.80,2219.00,2195.00
04/Jun/2021 | 06:13:11,RELIANCE INDUSTRIES LTD.,2219.00,2183.80,2219.00,2195.00
04/Jun/2021 | 06:13:21,RELIANCE INDUSTRIES LTD.,2219.00,2183.80,2219.00,2195.00
04/Jun/2021 | 06:13:32,RELIANCE INDUSTRIES LTD.,2219.00,2183.80,2219.00,2195.00
04/Jun/2021 | 06:13:42,RELIANCE INDUSTRIES LTD.,2219.00,2183.80,2219.00,2195.00
04/Jun/2021 | 06:13:52,RELIANCE INDUSTRIES LTD.,2219.00,2183.80,2219.00,2195.00
04/Jun/2021 | 06:14:02,RELIANCE INDUSTRIES LTD.,2219.00,2183.80,2219.00,2195.00
04/Jun/2021 | 06:14:12,RELIANCE INDUSTRIES LTD.,2219.00,2183.80,2219.00,2195.00
04/Jun/2021 | 06:14:22,RELIANCE INDUSTRIES LTD.,2219.00,2183.80,2219.00,2195.00
04/Jun/2021 | 06:14:33,RELIANCE INDUSTRIES LTD.,2219.00,2183.80,2219.00,2195.00
04/Jun/2021 | 06:14:43,RELIANCE INDUSTRIES LTD.,2219.00,2183.80,2219.00,2195.00
04/Jun/2021 | 06:14:53,RELIANCE INDUSTRIES LTD.,2219.00,2183.80,2219.00,2195.00
04/Jun/2021 | 06:15:04,RELIANCE INDUSTRIES LTD.,2219.00,2183.80,2219.00,2195.00
04/Jun/2021 | 06:15:14,RELIANCE INDUSTRIES LTD.,2219.00,2183.80,2219.00,2194.65
04/Jun/2021 | 06:15:24,RELIANCE INDUSTRIES LTD.,2219.00,2183.80,2219.00,2194.65
04/Jun/2021 | 06:15:34,RELIANCE INDUSTRIES LTD.,2219.00,2183.80,2219.00,2194.65
04/Jun/2021 | 06:15:44,RELIANCE INDUSTRIES LTD.,2219.00,2183.80,2219.00,2194.65
04/Jun/2021 | 06:15:54,RELIANCE INDUSTRIES LTD.,2219.00,2183.80,2219.00,2194.65
04/Jun/2021 | 06:16:05,RELIANCE INDUSTRIES LTD.,2219.00,2183.80,2219.00,2194.65
04/Jun/2021 | 06:16:15,RELIANCE INDUSTRIES LTD.,2219.00,2183.80,2219.00,2196.25
04/Jun/2021 | 06:16:25,RELIANCE INDUSTRIES LTD.,2219.00,2183.80,2219.00,2196.25
04/Jun/2021 | 06:16:35,RELIANCE INDUSTRIES LTD.,2219.00,2183.80,2219.00,2196.25
04/Jun/2021 | 06:16:45,RELIANCE INDUSTRIES LTD.,2219.00,2183.80,2219.00,2196.25
04/Jun/2021 | 06:16:56,RELIANCE INDUSTRIES LTD.,2219.00,2183.80,2219.00,2196.25
04/Jun/2021 | 06:17:06,RELIANCE INDUSTRIES LTD.,2219.00,2183.80,2219.00,2199.50
04/Jun/2021 | 06:17:16,RELIANCE INDUSTRIES LTD.,2219.00,2183.80,2219.00,2199.50
04/Jun/2021 | 06:17:26,RELIANCE INDUSTRIES LTD.,2219.00,2183.80,2219.00,2199.50
04/Jun/2021 | 06:17:36,RELIANCE INDUSTRIES LTD.,2219.00,2183.80,2219.00,2199.50
04/Jun/2021 | 06:17:46,RELIANCE INDUSTRIES LTD.,2219.00,2183.80,2219.00,2199.50
04/Jun/2021 | 06:17:56,RELIANCE INDUSTRIES LTD.,2219.00,2183.80,2219.00,2199.50
04/Jun/2021 | 06:18:06,RELIANCE INDUSTRIES LTD.,2219.00,2183.80,2219.00,2200.05
04/Jun/2021 | 06:18:16,RELIANCE INDUSTRIES LTD.,2219.00,2183.80,2219.00,2199.50
04/Jun/2021 | 06:18:27,RELIANCE INDUSTRIES LTD.,2219.00,2183.80,2219.00,2200.05
04/Jun/2021 | 06:18:37,RELIANCE INDUSTRIES LTD.,2219.00,2183.80,2219.00,2200.05
04/Jun/2021 | 06:18:47,RELIANCE INDUSTRIES LTD.,2219.00,2183.80,2219.00,2200.05
04/Jun/2021 | 06:18:57,RELIANCE INDUSTRIES LTD.,2219.00,2183.80,2219.00,2200.05
04/Jun/2021 | 06:19:07,RELIANCE INDUSTRIES LTD.,2219.00,2183.80,2219.00,2199.10
04/Jun/2021 | 06:19:17,RELIANCE INDUSTRIES LTD.,2219.00,2183.80,2219.00,2199.10
04/Jun/2021 | 06:19:27,RELIANCE INDUSTRIES LTD.,2219.00,2183.80,2219.00,2199.10
04/Jun/2021 | 06:19:37,RELIANCE INDUSTRIES LTD.,2219.00,2183.80,2219.00,2199.10
04/Jun/2021 | 06:19:48,RELIANCE INDUSTRIES LTD.,2219.00,2183.80,2219.00,2199.10
04/Jun/2021 | 06:19:58,RELIANCE INDUSTRIES LTD.,2219.00,2183.80,2219.00,2199.10
04/Jun/2021 | 06:20:08,RELIANCE INDUSTRIES LTD.,2219.00,2183.80,2219.00,2199.10
04/Jun/2021 | 06:20:18,RELIANCE INDUSTRIES LTD.,2219.00,2183.80,2219.00,2199.10
04/Jun/2021 | 06:20:28,RELIANCE INDUSTRIES LTD.,2219.00,2183.80,2219.00,2199.10
04/Jun/2021 | 06:20:38,RELIANCE INDUSTRIES LTD.,2219.00,2183.80,2219.00,2199.10
04/Jun/2021 | 06:20:48,RELIANCE INDUSTRIES LTD.,2219.00,2183.80,2219.00,2199.10
04/Jun/2021 | 06:20:58,RELIANCE INDUSTRIES LTD.,2219.00,2183.80,2219.00,2199.10
04/Jun/2021 | 06:21:08,RELIANCE INDUSTRIES LTD.,2219.00,2183.80,2219.00,2199.10
04/Jun/2021 | 06:21:18,RELIANCE INDUSTRIES LTD.,2219.00,2183.80,2219.00,2201.30
04/Jun/2021 | 06:21:28,RELIANCE INDUSTRIES LTD.,2219.00,2183.80,2219.00,2201.30
04/Jun/2021 | 06:21:39,RELIANCE INDUSTRIES LTD.,2219.00,2183.80,2219.00,2201.30
04/Jun/2021 | 06:21:49,RELIANCE INDUSTRIES LTD.,2219.00,2183.80,2219.00,2201.30
04/Jun/2021 | 06:21:59,RELIANCE INDUSTRIES LTD.,2219.00,2183.80,2219.00,2201.30
04/Jun/2021 | 06:22:09,RELIANCE INDUSTRIES LTD.,2219.00,2183.80,2219.00,2200.55
04/Jun/2021 | 06:22:19,RELIANCE INDUSTRIES LTD.,2219.00,2183.80,2219.00,2200.55
04/Jun/2021 | 06:22:29,RELIANCE INDUSTRIES LTD.,2219.00,2183.80,2219.00,2200.55
04/Jun/2021 | 06:22:39,RELIANCE INDUSTRIES LTD.,2219.00,2183.80,2219.00,2200.55
04/Jun/2021 | 06:22:50,RELIANCE INDUSTRIES LTD.,2219.00,2183.80,2219.00,2200.55
04/Jun/2021 | 06:23:00,RELIANCE INDUSTRIES LTD.,2219.00,2183.80,2219.00,2200.55
04/Jun/2021 | 06:23:10,RELIANCE INDUSTRIES LTD.,2219.00,2183.80,2219.00,2200.55
04/Jun/2021 | 06:23:20,RELIANCE INDUSTRIES LTD.,2219.00,2183.80,2219.00,2202.90
04/Jun/2021 | 06:23:30,RELIANCE INDUSTRIES LTD.,2219.00,2183.80,2219.00,2202.90
04/Jun/2021 | 06:23:40,RELIANCE INDUSTRIES LTD.,2219.00,2183.80,2219.00,2202.90
04/Jun/2021 | 06:23:50,RELIANCE INDUSTRIES LTD.,2219.00,2183.80,2219.00,2202.90
04/Jun/2021 | 06:24:00,RELIANCE INDUSTRIES LTD.,2219.00,2183.80,2219.00,2202.90
04/Jun/2021 | 06:24:10,RELIANCE INDUSTRIES LTD.,2219.00,2183.80,2219.00,2202.90
04/Jun/2021 | 06:24:21,RELIANCE INDUSTRIES LTD.,2219.00,2183.80,2219.00,2202.90
04/Jun/2021 | 06:24:31,RELIANCE INDUSTRIES LTD.,2219.00,2183.80,2219.00,2202.90
04/Jun/2021 | 06:24:41,RELIANCE INDUSTRIES LTD.,2219.00,2183.80,2219.00,2202.90
04/Jun/2021 | 06:24:51,RELIANCE INDUSTRIES LTD.,2219.00,2183.80,2219.00,2202.90
04/Jun/2021 | 06:25:01,RELIANCE INDUSTRIES LTD.,2219.00,2183.80,2219.00,2203.25
04/Jun/2021 | 06:25:11,RELIANCE INDUSTRIES LTD.,2219.00,2183.80,2219.00,2202.90
04/Jun/2021 | 06:25:21,RELIANCE INDUSTRIES LTD.,2219.00,2183.80,2219.00,2203.25
04/Jun/2021 | 06:25:31,RELIANCE INDUSTRIES LTD.,2219.00,2183.80,2219.00,2203.25
04/Jun/2021 | 06:25:41,RELIANCE INDUSTRIES LTD.,2219.00,2183.80,2219.00,2203.25
04/Jun/2021 | 06:25:51,RELIANCE INDUSTRIES LTD.,2219.00,2183.80,2219.00,2201.75
04/Jun/2021 | 06:26:02,RELIANCE INDUSTRIES LTD.,2219.00,2183.80,2219.00,2201.75
04/Jun/2021 | 06:26:12,RELIANCE INDUSTRIES LTD.,2219.00,2183.80,2219.00,2201.75
04/Jun/2021 | 06:26:22,RELIANCE INDUSTRIES LTD.,2219.00,2183.80,2219.00,2201.75
04/Jun/2021 | 06:26:32,RELIANCE INDUSTRIES LTD.,2219.00,2183.80,2219.00,2201.75
04/Jun/2021 | 06:26:42,RELIANCE INDUSTRIES LTD.,2219.00,2183.80,2219.00,2201.75
04/Jun/2021 | 06:26:52,RELIANCE INDUSTRIES LTD.,2219.00,2183.80,2219.00,2200.05
04/Jun/2021 | 06:27:02,RELIANCE INDUSTRIES LTD.,2219.00,2183.80,2219.00,2200.05
04/Jun/2021 | 06:27:12,RELIANCE INDUSTRIES LTD.,2219.00,2183.80,2219.00,2200.05
04/Jun/2021 | 06:27:22,RELIANCE INDUSTRIES LTD.,2219.00,2183.80,2219.00,2200.05
04/Jun/2021 | 06:27:32,RELIANCE INDUSTRIES LTD.,2219.00,2183.80,2219.00,2200.05
04/Jun/2021 | 06:27:42,RELIANCE INDUSTRIES LTD.,2219.00,2183.80,2219.00,2200.05
04/Jun/2021 | 06:27:53,RELIANCE INDUSTRIES LTD.,2219.00,2183.80,2219.00,2201.20
04/Jun/2021 | 06:28:03,RELIANCE INDUSTRIES LTD.,2219.00,2183.80,2219.00,2200.05
04/Jun/2021 | 06:28:13,RELIANCE INDUSTRIES LTD.,2219.00,2183.80,2219.00,2201.20
04/Jun/2021 | 06:28:23,RELIANCE INDUSTRIES LTD.,2219.00,2183.80,2219.00,2201.20
04/Jun/2021 | 06:28:33,RELIANCE INDUSTRIES LTD.,2219.00,2183.80,2219.00,2201.20
04/Jun/2021 | 06:28:43,RELIANCE INDUSTRIES LTD.,2219.00,2183.80,2219.00,2201.20
04/Jun/2021 | 06:28:53,RELIANCE INDUSTRIES LTD.,2219.00,2183.80,2219.00,2201.20
04/Jun/2021 | 06:29:03,RELIANCE INDUSTRIES LTD.,2219.00,2183.80,2219.00,2202.00
04/Jun/2021 | 06:29:13,RELIANCE INDUSTRIES LTD.,2219.00,2183.80,2219.00,2202.00
04/Jun/2021 | 06:29:23,RELIANCE INDUSTRIES LTD.,2219.00,2183.80,2219.00,2202.00
04/Jun/2021 | 06:29:33,RELIANCE INDUSTRIES LTD.,2219.00,2183.80,2219.00,2202.00
04/Jun/2021 | 06:29:44,RELIANCE INDUSTRIES LTD.,2219.00,2183.80,2219.00,2202.00
04/Jun/2021 | 06:29:54,RELIANCE INDUSTRIES LTD.,2219.00,2183.80,2219.00,2204.65
04/Jun/2021 | 06:30:04,RELIANCE INDUSTRIES LTD.,2219.00,2183.80,2219.00,2202.00
04/Jun/2021 | 06:30:14,RELIANCE INDUSTRIES LTD.,2219.00,2183.80,2219.00,2204.65
04/Jun/2021 | 06:30:24,RELIANCE INDUSTRIES LTD.,2219.00,2183.80,2219.00,2204.65
04/Jun/2021 | 06:30:34,RELIANCE INDUSTRIES LTD.,2219.00,2183.80,2219.00,2204.65
04/Jun/2021 | 06:30:44,RELIANCE INDUSTRIES LTD.,2219.00,2183.80,2219.00,2204.65
04/Jun/2021 | 06:30:54,RELIANCE INDUSTRIES LTD.,2219.00,2183.80,2219.00,2204.20
04/Jun/2021 | 06:31:04,RELIANCE INDUSTRIES LTD.,2219.00,2183.80,2219.00,2204.20
04/Jun/2021 | 06:31:14,RELIANCE INDUSTRIES LTD.,2219.00,2183.80,2219.00,2204.20
04/Jun/2021 | 06:31:24,RELIANCE INDUSTRIES LTD.,2219.00,2183.80,2219.00,2204.20
04/Jun/2021 | 06:31:35,RELIANCE INDUSTRIES LTD.,2219.00,2183.80,2219.00,2204.20
04/Jun/2021 | 06:31:45,RELIANCE INDUSTRIES LTD.,2219.00,2183.80,2219.00,2204.20
04/Jun/2021 | 06:31:55,RELIANCE INDUSTRIES LTD.,2219.00,2183.80,2219.00,2204.20
04/Jun/2021 | 06:32:05,RELIANCE INDUSTRIES LTD.,2219.00,2183.80,2219.00,2203.30
04/Jun/2021 | 06:32:15,RELIANCE INDUSTRIES LTD.,2219.00,2183.80,2219.00,2203.30
04/Jun/2021 | 06:32:25,RELIANCE INDUSTRIES LTD.,2219.00,2183.80,2219.00,2203.30
04/Jun/2021 | 06:32:35,RELIANCE INDUSTRIES LTD.,2219.00,2183.80,2219.00,2204.30
04/Jun/2021 | 06:32:45,RELIANCE INDUSTRIES LTD.,2219.00,2183.80,2219.00,2203.30
04/Jun/2021 | 06:32:55,RELIANCE INDUSTRIES LTD.,2219.00,2183.80,2219.00,2203.30
04/Jun/2021 | 06:33:06,RELIANCE INDUSTRIES LTD.,2219.00,2183.80,2219.00,2203.00
04/Jun/2021 | 06:33:16,RELIANCE INDUSTRIES LTD.,2219.00,2183.80,2219.00,2203.00
04/Jun/2021 | 06:33:26,RELIANCE INDUSTRIES LTD.,2219.00,2183.80,2219.00,2203.00
04/Jun/2021 | 06:33:37,RELIANCE INDUSTRIES LTD.,2219.00,2183.80,2219.00,2203.00
04/Jun/2021 | 06:33:47,RELIANCE INDUSTRIES LTD.,2219.00,2183.80,2219.00,2203.00
04/Jun/2021 | 06:33:57,RELIANCE INDUSTRIES LTD.,2219.00,2183.80,2219.00,2203.00
04/Jun/2021 | 06:34:07,RELIANCE INDUSTRIES LTD.,2219.00,2183.80,2219.00,2201.00
04/Jun/2021 | 06:34:17,RELIANCE INDUSTRIES LTD.,2219.00,2183.80,2219.00,2203.00
04/Jun/2021 | 06:34:27,RELIANCE INDUSTRIES LTD.,2219.00,2183.80,2219.00,2201.00
04/Jun/2021 | 06:34:37,RELIANCE INDUSTRIES LTD.,2219.00,2183.80,2219.00,2201.00
04/Jun/2021 | 06:34:47,RELIANCE INDUSTRIES LTD.,2219.00,2183.80,2219.00,2201.00
04/Jun/2021 | 06:34:57,RELIANCE INDUSTRIES LTD.,2219.00,2183.80,2219.00,2201.00
04/Jun/2021 | 06:35:08,RELIANCE INDUSTRIES LTD.,2219.00,2183.80,2219.00,2201.00
04/Jun/2021 | 06:35:18,RELIANCE INDUSTRIES LTD.,2219.00,2183.80,2219.00,2201.60
04/Jun/2021 | 06:35:28,RELIANCE INDUSTRIES LTD.,2219.00,2183.80,2219.00,2201.60
04/Jun/2021 | 06:35:38,RELIANCE INDUSTRIES LTD.,2219.00,2183.80,2219.00,2201.60
04/Jun/2021 | 06:35:48,RELIANCE INDUSTRIES LTD.,2219.00,2183.80,2219.00,2201.60
04/Jun/2021 | 06:35:58,RELIANCE INDUSTRIES LTD.,2219.00,2183.80,2219.00,2201.60
04/Jun/2021 | 06:36:08,RELIANCE INDUSTRIES LTD.,2219.00,2183.80,2219.00,2200.30
04/Jun/2021 | 06:36:18,RELIANCE INDUSTRIES LTD.,2219.00,2183.80,2219.00,2201.60
04/Jun/2021 | 06:36:28,RELIANCE INDUSTRIES LTD.,2219.00,2183.80,2219.00,2200.30
04/Jun/2021 | 06:36:38,RELIANCE INDUSTRIES LTD.,2219.00,2183.80,2219.00,2200.30
04/Jun/2021 | 06:36:48,RELIANCE INDUSTRIES LTD.,2219.00,2183.80,2219.00,2200.30
04/Jun/2021 | 06:36:59,RELIANCE INDUSTRIES LTD.,2219.00,2183.80,2219.00,2200.30
04/Jun/2021 | 06:37:09,RELIANCE INDUSTRIES LTD.,2219.00,2183.80,2219.00,2200.30
04/Jun/2021 | 06:37:19,RELIANCE INDUSTRIES LTD.,2219.00,2183.80,2219.00,2201.45
04/Jun/2021 | 06:37:29,RELIANCE INDUSTRIES LTD.,2219.00,2183.80,2219.00,2201.45
04/Jun/2021 | 06:37:39,RELIANCE INDUSTRIES LTD.,2219.00,2183.80,2219.00,2201.45
04/Jun/2021 | 06:37:49,RELIANCE INDUSTRIES LTD.,2219.00,2183.80,2219.00,2201.45
04/Jun/2021 | 06:37:59,RELIANCE INDUSTRIES LTD.,2219.00,2183.80,2219.00,2201.45
04/Jun/2021 | 06:38:09,RELIANCE INDUSTRIES LTD.,2219.00,2183.80,2219.00,2199.65
04/Jun/2021 | 06:38:19,RELIANCE INDUSTRIES LTD.,2219.00,2183.80,2219.00,2199.65
04/Jun/2021 | 06:38:29,RELIANCE INDUSTRIES LTD.,2219.00,2183.80,2219.00,2201.45
04/Jun/2021 | 06:38:39,RELIANCE INDUSTRIES LTD.,2219.00,2183.80,2219.00,2199.65
04/Jun/2021 | 06:38:50,RELIANCE INDUSTRIES LTD.,2219.00,2183.80,2219.00,2199.65
04/Jun/2021 | 06:39:00,RELIANCE INDUSTRIES LTD.,2219.00,2183.80,2219.00,2199.65
04/Jun/2021 | 06:39:10,RELIANCE INDUSTRIES LTD.,2219.00,2183.80,2219.00,2200.75
04/Jun/2021 | 06:39:20,RELIANCE INDUSTRIES LTD.,2219.00,2183.80,2219.00,2200.75
04/Jun/2021 | 06:39:30,RELIANCE INDUSTRIES LTD.,2219.00,2183.80,2219.00,2200.75
04/Jun/2021 | 06:39:40,RELIANCE INDUSTRIES LTD.,2219.00,2183.80,2219.00,2200.75
04/Jun/2021 | 06:39:51,RELIANCE INDUSTRIES LTD.,2219.00,2183.80,2219.00,2200.75
04/Jun/2021 | 06:40:01,RELIANCE INDUSTRIES LTD.,2219.00,2183.80,2219.00,2200.75
04/Jun/2021 | 06:40:11,RELIANCE INDUSTRIES LTD.,2219.00,2183.80,2219.00,2200.75
04/Jun/2021 | 06:40:21,RELIANCE INDUSTRIES LTD.,2219.00,2183.80,2219.00,2199.30
04/Jun/2021 | 06:40:31,RELIANCE INDUSTRIES LTD.,2219.00,2183.80,2219.00,2199.30
04/Jun/2021 | 06:40:42,RELIANCE INDUSTRIES LTD.,2219.00,2183.80,2219.00,2199.30
04/Jun/2021 | 06:40:53,RELIANCE INDUSTRIES LTD.,2219.00,2183.80,2219.00,2199.30
04/Jun/2021 | 06:41:03,RELIANCE INDUSTRIES LTD.,2219.00,2183.80,2219.00,2199.30
04/Jun/2021 | 06:41:13,RELIANCE INDUSTRIES LTD.,2219.00,2183.80,2219.00,2198.10
04/Jun/2021 | 06:41:23,RELIANCE INDUSTRIES LTD.,2219.00,2183.80,2219.00,2198.10
04/Jun/2021 | 06:41:33,RELIANCE INDUSTRIES LTD.,2219.00,2183.80,2219.00,2198.10
04/Jun/2021 | 06:41:44,RELIANCE INDUSTRIES LTD.,2219.00,2183.80,2219.00,2198.10
04/Jun/2021 | 06:41:54,RELIANCE INDUSTRIES LTD.,2219.00,2183.80,2219.00,2198.10
04/Jun/2021 | 06:42:04,RELIANCE INDUSTRIES LTD.,2219.00,2183.80,2219.00,2198.10
04/Jun/2021 | 06:42:14,RELIANCE INDUSTRIES LTD.,2219.00,2183.80,2219.00,2198.15
04/Jun/2021 | 06:42:24,RELIANCE INDUSTRIES LTD.,2219.00,2183.80,2219.00,2198.15
04/Jun/2021 | 06:42:34,RELIANCE INDUSTRIES LTD.,2219.00,2183.80,2219.00,2198.10
04/Jun/2021 | 06:42:44,RELIANCE INDUSTRIES LTD.,2219.00,2183.80,2219.00,2198.15
04/Jun/2021 | 06:42:54,RELIANCE INDUSTRIES LTD.,2219.00,2183.80,2219.00,2198.15
04/Jun/2021 | 06:43:04,RELIANCE INDUSTRIES LTD.,2219.00,2183.80,2219.00,2198.15
04/Jun/2021 | 06:43:14,RELIANCE INDUSTRIES LTD.,2219.00,2183.80,2219.00,2198.15
04/Jun/2021 | 06:43:24,RELIANCE INDUSTRIES LTD.,2219.00,2183.80,2219.00,2199.20
04/Jun/2021 | 06:43:35,RELIANCE INDUSTRIES LTD.,2219.00,2183.80,2219.00,2198.15
04/Jun/2021 | 06:43:45,RELIANCE INDUSTRIES LTD.,2219.00,2183.80,2219.00,2199.20
04/Jun/2021 | 06:43:55,RELIANCE INDUSTRIES LTD.,2219.00,2183.80,2219.00,2199.20
04/Jun/2021 | 06:44:05,RELIANCE INDUSTRIES LTD.,2219.00,2183.80,2219.00,2199.20
04/Jun/2021 | 06:44:15,RELIANCE INDUSTRIES LTD.,2219.00,2183.80,2219.00,2199.20
04/Jun/2021 | 06:44:25,RELIANCE INDUSTRIES LTD.,2219.00,2183.80,2219.00,2199.35
04/Jun/2021 | 06:44:35,RELIANCE INDUSTRIES LTD.,2219.00,2183.80,2219.00,2199.35
04/Jun/2021 | 06:44:45,RELIANCE INDUSTRIES LTD.,2219.00,2183.80,2219.00,2199.35
04/Jun/2021 | 06:44:55,RELIANCE INDUSTRIES LTD.,2219.00,2183.80,2219.00,2199.35
04/Jun/2021 | 06:45:06,RELIANCE INDUSTRIES LTD.,2219.00,2183.80,2219.00,2199.35
04/Jun/2021 | 06:45:16,RELIANCE INDUSTRIES LTD.,2219.00,2183.80,2219.00,2199.35
04/Jun/2021 | 06:45:26,RELIANCE INDUSTRIES LTD.,2219.00,2183.80,2219.00,2199.45
04/Jun/2021 | 06:45:36,RELIANCE INDUSTRIES LTD.,2219.00,2183.80,2219.00,2199.45
04/Jun/2021 | 06:45:46,RELIANCE INDUSTRIES LTD.,2219.00,2183.80,2219.00,2199.45
04/Jun/2021 | 06:45:56,RELIANCE INDUSTRIES LTD.,2219.00,2183.80,2219.00,2199.45
04/Jun/2021 | 06:46:06,RELIANCE INDUSTRIES LTD.,2219.00,2183.80,2219.00,2199.45
04/Jun/2021 | 06:46:16,RELIANCE INDUSTRIES LTD.,2219.00,2183.80,2219.00,2199.45
04/Jun/2021 | 06:46:27,RELIANCE INDUSTRIES LTD.,2219.00,2183.80,2219.00,2199.45
04/Jun/2021 | 06:46:37,RELIANCE INDUSTRIES LTD.,2219.00,2183.80,2219.00,2199.45
04/Jun/2021 | 06:46:47,RELIANCE INDUSTRIES LTD.,2219.00,2183.80,2219.00,2199.30
04/Jun/2021 | 06:46:57,RELIANCE INDUSTRIES LTD.,2219.00,2183.80,2219.00,2199.30
04/Jun/2021 | 06:47:07,RELIANCE INDUSTRIES LTD.,2219.00,2183.80,2219.00,2199.30
04/Jun/2021 | 06:47:17,RELIANCE INDUSTRIES LTD.,2219.00,2183.80,2219.00,2199.30
04/Jun/2021 | 06:47:27,RELIANCE INDUSTRIES LTD.,2219.00,2183.80,2219.00,2199.30
04/Jun/2021 | 06:47:37,RELIANCE INDUSTRIES LTD.,2219.00,2183.80,2219.00,2200.40
04/Jun/2021 | 06:47:47,RELIANCE INDUSTRIES LTD.,2219.00,2183.80,2219.00,2200.40
04/Jun/2021 | 06:47:58,RELIANCE INDUSTRIES LTD.,2219.00,2183.80,2219.00,2200.40
04/Jun/2021 | 06:48:08,RELIANCE INDUSTRIES LTD.,2219.00,2183.80,2219.00,2200.40
04/Jun/2021 | 06:48:18,RELIANCE INDUSTRIES LTD.,2219.00,2183.80,2219.00,2200.40
04/Jun/2021 | 06:48:28,RELIANCE INDUSTRIES LTD.,2219.00,2183.80,2219.00,2200.40
04/Jun/2021 | 06:48:38,RELIANCE INDUSTRIES LTD.,2219.00,2183.80,2219.00,2200.40
04/Jun/2021 | 06:48:48,RELIANCE INDUSTRIES LTD.,2219.00,2183.80,2219.00,2200.30
04/Jun/2021 | 06:48:58,RELIANCE INDUSTRIES LTD.,2219.00,2183.80,2219.00,2200.30
04/Jun/2021 | 06:49:08,RELIANCE INDUSTRIES LTD.,2219.00,2183.80,2219.00,2200.30
04/Jun/2021 | 06:49:18,RELIANCE INDUSTRIES LTD.,2219.00,2183.80,2219.00,2200.30
04/Jun/2021 | 06:49:29,RELIANCE INDUSTRIES LTD.,2219.00,2183.80,2219.00,2200.30
04/Jun/2021 | 06:49:39,RELIANCE INDUSTRIES LTD.,2219.00,2183.80,2219.00,2199.65
04/Jun/2021 | 06:49:49,RELIANCE INDUSTRIES LTD.,2219.00,2183.80,2219.00,2200.30
04/Jun/2021 | 06:49:59,RELIANCE INDUSTRIES LTD.,2219.00,2183.80,2219.00,2199.65
04/Jun/2021 | 06:50:09,RELIANCE INDUSTRIES LTD.,2219.00,2183.80,2219.00,2199.65
04/Jun/2021 | 06:50:19,RELIANCE INDUSTRIES LTD.,2219.00,2183.80,2219.00,2199.65
04/Jun/2021 | 06:50:29,RELIANCE INDUSTRIES LTD.,2219.00,2183.80,2219.00,2199.65
04/Jun/2021 | 06:50:39,RELIANCE INDUSTRIES LTD.,2219.00,2183.80,2219.00,2199.65
04/Jun/2021 | 06:50:49,RELIANCE INDUSTRIES LTD.,2219.00,2183.80,2219.00,2199.65
04/Jun/2021 | 06:50:59,RELIANCE INDUSTRIES LTD.,2219.00,2183.80,2219.00,2199.65
04/Jun/2021 | 06:51:09,RELIANCE INDUSTRIES LTD.,2219.00,2183.80,2219.00,2199.65
04/Jun/2021 | 06:51:20,RELIANCE INDUSTRIES LTD.,2219.00,2183.80,2219.00,2199.65
04/Jun/2021 | 06:51:30,RELIANCE INDUSTRIES LTD.,2219.00,2183.80,2219.00,2199.65
04/Jun/2021 | 06:51:40,RELIANCE INDUSTRIES LTD.,2219.00,2183.80,2219.00,2199.65
04/Jun/2021 | 06:51:50,RELIANCE INDUSTRIES LTD.,2219.00,2183.80,2219.00,2200.55
04/Jun/2021 | 06:52:00,RELIANCE INDUSTRIES LTD.,2219.00,2183.80,2219.00,2200.55
04/Jun/2021 | 06:52:10,RELIANCE INDUSTRIES LTD.,2219.00,2183.80,2219.00,2200.55
04/Jun/2021 | 06:52:20,RELIANCE INDUSTRIES LTD.,2219.00,2183.80,2219.00,2200.55
04/Jun/2021 | 06:52:30,RELIANCE INDUSTRIES LTD.,2219.00,2183.80,2219.00,2200.55
04/Jun/2021 | 06:52:40,RELIANCE INDUSTRIES LTD.,2219.00,2183.80,2219.00,2200.55
04/Jun/2021 | 06:52:50,RELIANCE INDUSTRIES LTD.,2219.00,2183.80,2219.00,2199.90
04/Jun/2021 | 06:53:00,RELIANCE INDUSTRIES LTD.,2219.00,2183.80,2219.00,2200.55
04/Jun/2021 | 06:53:11,RELIANCE INDUSTRIES LTD.,2219.00,2183.80,2219.00,2199.90
04/Jun/2021 | 06:53:21,RELIANCE INDUSTRIES LTD.,2219.00,2183.80,2219.00,2199.90
04/Jun/2021 | 06:53:31,RELIANCE INDUSTRIES LTD.,2219.00,2183.80,2219.00,2199.90
04/Jun/2021 | 06:53:41,RELIANCE INDUSTRIES LTD.,2219.00,2183.80,2219.00,2199.90
04/Jun/2021 | 06:53:51,RELIANCE INDUSTRIES LTD.,2219.00,2183.80,2219.00,2199.90
04/Jun/2021 | 06:54:01,RELIANCE INDUSTRIES LTD.,2219.00,2183.80,2219.00,2200.00
04/Jun/2021 | 06:54:11,RELIANCE INDUSTRIES LTD.,2219.00,2183.80,2219.00,2200.00
04/Jun/2021 | 06:54:21,RELIANCE INDUSTRIES LTD.,2219.00,2183.80,2219.00,2200.00
04/Jun/2021 | 06:54:31,RELIANCE INDUSTRIES LTD.,2219.00,2183.80,2219.00,2200.00
04/Jun/2021 | 06:54:41,RELIANCE INDUSTRIES LTD.,2219.00,2183.80,2219.00,2200.00
04/Jun/2021 | 06:54:51,RELIANCE INDUSTRIES LTD.,2219.00,2183.80,2219.00,2200.10
04/Jun/2021 | 06:55:02,RELIANCE INDUSTRIES LTD.,2219.00,2183.80,2219.00,2200.10
04/Jun/2021 | 06:55:12,RELIANCE INDUSTRIES LTD.,2219.00,2183.80,2219.00,2200.10
04/Jun/2021 | 06:55:22,RELIANCE INDUSTRIES LTD.,2219.00,2183.80,2219.00,2200.10
04/Jun/2021 | 06:55:32,RELIANCE INDUSTRIES LTD.,2219.00,2183.80,2219.00,2200.10
04/Jun/2021 | 06:55:42,RELIANCE INDUSTRIES LTD.,2219.00,2183.80,2219.00,2200.10
04/Jun/2021 | 06:55:52,RELIANCE INDUSTRIES LTD.,2219.00,2183.80,2219.00,2200.10
04/Jun/2021 | 06:56:02,RELIANCE INDUSTRIES LTD.,2219.00,2183.80,2219.00,2199.55
04/Jun/2021 | 06:56:12,RELIANCE INDUSTRIES LTD.,2219.00,2183.80,2219.00,2199.55
04/Jun/2021 | 06:56:23,RELIANCE INDUSTRIES LTD.,2219.00,2183.80,2219.00,2199.55
04/Jun/2021 | 06:56:33,RELIANCE INDUSTRIES LTD.,2219.00,2183.80,2219.00,2199.55
04/Jun/2021 | 06:56:43,RELIANCE INDUSTRIES LTD.,2219.00,2183.80,2219.00,2199.55
04/Jun/2021 | 06:56:53,RELIANCE INDUSTRIES LTD.,2219.00,2183.80,2219.00,2199.55
04/Jun/2021 | 06:57:03,RELIANCE INDUSTRIES LTD.,2219.00,2183.80,2219.00,2200.45
04/Jun/2021 | 06:57:13,RELIANCE INDUSTRIES LTD.,2219.00,2183.80,2219.00,2200.45
04/Jun/2021 | 06:57:23,RELIANCE INDUSTRIES LTD.,2219.00,2183.80,2219.00,2200.45
04/Jun/2021 | 06:57:33,RELIANCE INDUSTRIES LTD.,2219.00,2183.80,2219.00,2200.45
04/Jun/2021 | 06:57:43,RELIANCE INDUSTRIES LTD.,2219.00,2183.80,2219.00,2200.45
04/Jun/2021 | 06:57:53,RELIANCE INDUSTRIES LTD.,2219.00,2183.80,2219.00,2201.45
04/Jun/2021 | 06:58:03,RELIANCE INDUSTRIES LTD.,2219.00,2183.80,2219.00,2200.45
04/Jun/2021 | 06:58:14,RELIANCE INDUSTRIES LTD.,2219.00,2183.80,2219.00,2201.45
04/Jun/2021 | 06:58:24,RELIANCE INDUSTRIES LTD.,2219.00,2183.80,2219.00,2201.45
04/Jun/2021 | 06:58:34,RELIANCE INDUSTRIES LTD.,2219.00,2183.80,2219.00,2201.45
04/Jun/2021 | 06:58:44,RELIANCE INDUSTRIES LTD.,2219.00,2183.80,2219.00,2201.45
04/Jun/2021 | 06:58:54,RELIANCE INDUSTRIES LTD.,2219.00,2183.80,2219.00,2201.45
04/Jun/2021 | 06:59:04,RELIANCE INDUSTRIES LTD.,2219.00,2183.80,2219.00,2204.00
04/Jun/2021 | 06:59:14,RELIANCE INDUSTRIES LTD.,2219.00,2183.80,2219.00,2204.00
04/Jun/2021 | 06:59:24,RELIANCE INDUSTRIES LTD.,2219.00,2183.80,2219.00,2204.00
04/Jun/2021 | 06:59:34,RELIANCE INDUSTRIES LTD.,2219.00,2183.80,2219.00,2204.00
04/Jun/2021 | 06:59:44,RELIANCE INDUSTRIES LTD.,2219.00,2183.80,2219.00,2204.00
04/Jun/2021 | 06:59:54,RELIANCE INDUSTRIES LTD.,2219.00,2183.80,2219.00,2204.00
04/Jun/2021 | 07:00:05,RELIANCE INDUSTRIES LTD.,2219.00,2183.80,2219.00,2203.20
04/Jun/2021 | 07:00:15,RELIANCE INDUSTRIES LTD.,2219.00,2183.80,2219.00,2203.20
04/Jun/2021 | 07:00:25,RELIANCE INDUSTRIES LTD.,2219.00,2183.80,2219.00,2203.20
04/Jun/2021 | 07:00:35,RELIANCE INDUSTRIES LTD.,2219.00,2183.80,2219.00,2203.20
04/Jun/2021 | 07:00:45,RELIANCE INDUSTRIES LTD.,2219.00,2183.80,2219.00,2203.20
04/Jun/2021 | 07:00:55,RELIANCE INDUSTRIES LTD.,2219.00,2183.80,2219.00,2204.30
04/Jun/2021 | 07:01:05,RELIANCE INDUSTRIES LTD.,2219.00,2183.80,2219.00,2203.20
04/Jun/2021 | 07:01:15,RELIANCE INDUSTRIES LTD.,2219.00,2183.80,2219.00,2204.30
04/Jun/2021 | 07:01:25,RELIANCE INDUSTRIES LTD.,2219.00,2183.80,2219.00,2204.30
04/Jun/2021 | 07:01:35,RELIANCE INDUSTRIES LTD.,2219.00,2183.80,2219.00,2204.30
04/Jun/2021 | 07:01:45,RELIANCE INDUSTRIES LTD.,2219.00,2183.80,2219.00,2204.30
04/Jun/2021 | 07:01:55,RELIANCE INDUSTRIES LTD.,2219.00,2183.80,2219.00,2206.80
04/Jun/2021 | 07:02:06,RELIANCE INDUSTRIES LTD.,2219.00,2183.80,2219.00,2204.30
04/Jun/2021 | 07:02:16,RELIANCE INDUSTRIES LTD.,2219.00,2183.80,2219.00,2206.80
04/Jun/2021 | 07:02:26,RELIANCE INDUSTRIES LTD.,2219.00,2183.80,2219.00,2206.80
04/Jun/2021 | 07:02:36,RELIANCE INDUSTRIES LTD.,2219.00,2183.80,2219.00,2206.80
04/Jun/2021 | 07:02:46,RELIANCE INDUSTRIES LTD.,2219.00,2183.80,2219.00,2206.80
04/Jun/2021 | 07:02:56,RELIANCE INDUSTRIES LTD.,2219.00,2183.80,2219.00,2206.80
04/Jun/2021 | 07:03:06,RELIANCE INDUSTRIES LTD.,2219.00,2183.80,2219.00,2206.10
04/Jun/2021 | 07:03:16,RELIANCE INDUSTRIES LTD.,2219.00,2183.80,2219.00,2206.10
04/Jun/2021 | 07:03:26,RELIANCE INDUSTRIES LTD.,2219.00,2183.80,2219.00,2206.10
04/Jun/2021 | 07:03:36,RELIANCE INDUSTRIES LTD.,2219.00,2183.80,2219.00,2206.10
04/Jun/2021 | 07:03:46,RELIANCE INDUSTRIES LTD.,2219.00,2183.80,2219.00,2206.10
04/Jun/2021 | 07:03:57,RELIANCE INDUSTRIES LTD.,2219.00,2183.80,2219.00,2206.10
04/Jun/2021 | 07:04:07,RELIANCE INDUSTRIES LTD.,2219.00,2183.80,2219.00,2205.70
04/Jun/2021 | 07:04:17,RELIANCE INDUSTRIES LTD.,2219.00,2183.80,2219.00,2205.70
04/Jun/2021 | 07:04:27,RELIANCE INDUSTRIES LTD.,2219.00,2183.80,2219.00,2205.70
04/Jun/2021 | 07:04:37,RELIANCE INDUSTRIES LTD.,2219.00,2183.80,2219.00,2205.70
04/Jun/2021 | 07:04:47,RELIANCE INDUSTRIES LTD.,2219.00,2183.80,2219.00,2205.70
04/Jun/2021 | 07:04:57,RELIANCE INDUSTRIES LTD.,2219.00,2183.80,2219.00,2203.20
04/Jun/2021 | 07:05:07,RELIANCE INDUSTRIES LTD.,2219.00,2183.80,2219.00,2203.20
04/Jun/2021 | 07:05:17,RELIANCE INDUSTRIES LTD.,2219.00,2183.80,2219.00,2203.20
04/Jun/2021 | 07:05:27,RELIANCE INDUSTRIES LTD.,2219.00,2183.80,2219.00,2203.20
04/Jun/2021 | 07:05:37,RELIANCE INDUSTRIES LTD.,2219.00,2183.80,2219.00,2203.20
04/Jun/2021 | 07:05:48,RELIANCE INDUSTRIES LTD.,2219.00,2183.80,2219.00,2203.20
04/Jun/2021 | 07:05:58,RELIANCE INDUSTRIES LTD.,2219.00,2183.80,2219.00,2204.50
04/Jun/2021 | 07:06:08,RELIANCE INDUSTRIES LTD.,2219.00,2183.80,2219.00,2204.50
04/Jun/2021 | 07:06:18,RELIANCE INDUSTRIES LTD.,2219.00,2183.80,2219.00,2204.50
04/Jun/2021 | 07:06:28,RELIANCE INDUSTRIES LTD.,2219.00,2183.80,2219.00,2204.50
04/Jun/2021 | 07:06:38,RELIANCE INDUSTRIES LTD.,2219.00,2183.80,2219.00,2204.50
04/Jun/2021 | 07:06:49,RELIANCE INDUSTRIES LTD.,2219.00,2183.80,2219.00,2204.50
04/Jun/2021 | 07:06:59,RELIANCE INDUSTRIES LTD.,2219.00,2183.80,2219.00,2204.50
04/Jun/2021 | 07:07:09,RELIANCE INDUSTRIES LTD.,2219.00,2183.80,2219.00,2205.60
04/Jun/2021 | 07:07:19,RELIANCE INDUSTRIES LTD.,2219.00,2183.80,2219.00,2205.60
04/Jun/2021 | 07:07:29,RELIANCE INDUSTRIES LTD.,2219.00,2183.80,2219.00,2205.60
04/Jun/2021 | 07:07:39,RELIANCE INDUSTRIES LTD.,2219.00,2183.80,2219.00,2205.60
04/Jun/2021 | 07:07:49,RELIANCE INDUSTRIES LTD.,2219.00,2183.80,2219.00,2205.60
04/Jun/2021 | 07:07:59,RELIANCE INDUSTRIES LTD.,2219.00,2183.80,2219.00,2206.20
04/Jun/2021 | 07:08:09,RELIANCE INDUSTRIES LTD.,2219.00,2183.80,2219.00,2206.20
04/Jun/2021 | 07:08:19,RELIANCE INDUSTRIES LTD.,2219.00,2183.80,2219.00,2205.60
04/Jun/2021 | 07:08:29,RELIANCE INDUSTRIES LTD.,2219.00,2183.80,2219.00,2206.20
04/Jun/2021 | 07:08:40,RELIANCE INDUSTRIES LTD.,2219.00,2183.80,2219.00,2206.20
04/Jun/2021 | 07:08:50,RELIANCE INDUSTRIES LTD.,2219.00,2183.80,2219.00,2206.20
04/Jun/2021 | 07:09:00,RELIANCE INDUSTRIES LTD.,2219.00,2183.80,2219.00,2206.20
04/Jun/2021 | 07:09:10,RELIANCE INDUSTRIES LTD.,2219.00,2183.80,2219.00,2207.00
04/Jun/2021 | 07:09:20,RELIANCE INDUSTRIES LTD.,2219.00,2183.80,2219.00,2207.00
04/Jun/2021 | 07:09:30,RELIANCE INDUSTRIES LTD.,2219.00,2183.80,2219.00,2207.00
04/Jun/2021 | 07:09:40,RELIANCE INDUSTRIES LTD.,2219.00,2183.80,2219.00,2207.00
04/Jun/2021 | 07:09:50,RELIANCE INDUSTRIES LTD.,2219.00,2183.80,2219.00,2207.00
04/Jun/2021 | 07:10:00,RELIANCE INDUSTRIES LTD.,2219.00,2183.80,2219.00,2206.50
04/Jun/2021 | 07:10:10,RELIANCE INDUSTRIES LTD.,2219.00,2183.80,2219.00,2207.00
04/Jun/2021 | 07:10:20,RELIANCE INDUSTRIES LTD.,2219.00,2183.80,2219.00,2206.50
04/Jun/2021 | 07:10:31,RELIANCE INDUSTRIES LTD.,2219.00,2183.80,2219.00,2206.50
04/Jun/2021 | 07:10:41,RELIANCE INDUSTRIES LTD.,2219.00,2183.80,2219.00,2206.50
04/Jun/2021 | 07:10:51,RELIANCE INDUSTRIES LTD.,2219.00,2183.80,2219.00,2206.50
04/Jun/2021 | 07:11:01,RELIANCE INDUSTRIES LTD.,2219.00,2183.80,2219.00,2205.55
04/Jun/2021 | 07:11:11,RELIANCE INDUSTRIES LTD.,2219.00,2183.80,2219.00,2205.55
04/Jun/2021 | 07:11:21,RELIANCE INDUSTRIES LTD.,2219.00,2183.80,2219.00,2205.55
04/Jun/2021 | 07:11:32,RELIANCE INDUSTRIES LTD.,2219.00,2183.80,2219.00,2205.55
04/Jun/2021 | 07:11:42,RELIANCE INDUSTRIES LTD.,2219.00,2183.80,2219.00,2205.55
04/Jun/2021 | 07:11:52,RELIANCE INDUSTRIES LTD.,2219.00,2183.80,2219.00,2205.55
04/Jun/2021 | 07:12:02,RELIANCE INDUSTRIES LTD.,2219.00,2183.80,2219.00,2205.55
04/Jun/2021 | 07:12:12,RELIANCE INDUSTRIES LTD.,2219.00,2183.80,2219.00,2203.25
04/Jun/2021 | 07:12:23,RELIANCE INDUSTRIES LTD.,2219.00,2183.80,2219.00,2203.25
04/Jun/2021 | 07:12:33,RELIANCE INDUSTRIES LTD.,2219.00,2183.80,2219.00,2203.25
04/Jun/2021 | 07:12:43,RELIANCE INDUSTRIES LTD.,2219.00,2183.80,2219.00,2203.25
04/Jun/2021 | 07:12:53,RELIANCE INDUSTRIES LTD.,2219.00,2183.80,2219.00,2203.25
04/Jun/2021 | 07:13:03,RELIANCE INDUSTRIES LTD.,2219.00,2183.80,2219.00,2202.50
04/Jun/2021 | 07:13:13,RELIANCE INDUSTRIES LTD.,2219.00,2183.80,2219.00,2203.25
04/Jun/2021 | 07:13:23,RELIANCE INDUSTRIES LTD.,2219.00,2183.80,2219.00,2202.50
04/Jun/2021 | 07:13:33,RELIANCE INDUSTRIES LTD.,2219.00,2183.80,2219.00,2202.50
04/Jun/2021 | 07:13:43,RELIANCE INDUSTRIES LTD.,2219.00,2183.80,2219.00,2202.50
04/Jun/2021 | 07:13:53,RELIANCE INDUSTRIES LTD.,2219.00,2183.80,2219.00,2202.50
04/Jun/2021 | 07:14:03,RELIANCE INDUSTRIES LTD.,2219.00,2183.80,2219.00,2202.50
04/Jun/2021 | 07:14:14,RELIANCE INDUSTRIES LTD.,2219.00,2183.80,2219.00,2203.55
04/Jun/2021 | 07:14:24,RELIANCE INDUSTRIES LTD.,2219.00,2183.80,2219.00,2202.50
04/Jun/2021 | 07:14:34,RELIANCE INDUSTRIES LTD.,2219.00,2183.80,2219.00,2203.55
04/Jun/2021 | 07:14:44,RELIANCE INDUSTRIES LTD.,2219.00,2183.80,2219.00,2203.55
04/Jun/2021 | 07:14:54,RELIANCE INDUSTRIES LTD.,2219.00,2183.80,2219.00,2203.55
04/Jun/2021 | 07:15:04,RELIANCE INDUSTRIES LTD.,2219.00,2183.80,2219.00,2203.55
04/Jun/2021 | 07:15:14,RELIANCE INDUSTRIES LTD.,2219.00,2183.80,2219.00,2203.55
04/Jun/2021 | 07:15:24,RELIANCE INDUSTRIES LTD.,2219.00,2183.80,2219.00,2204.00
04/Jun/2021 | 07:15:34,RELIANCE INDUSTRIES LTD.,2219.00,2183.80,2219.00,2204.00
04/Jun/2021 | 07:15:44,RELIANCE INDUSTRIES LTD.,2219.00,2183.80,2219.00,2204.00
04/Jun/2021 | 07:15:54,RELIANCE INDUSTRIES LTD.,2219.00,2183.80,2219.00,2204.00
04/Jun/2021 | 07:16:05,RELIANCE INDUSTRIES LTD.,2219.00,2183.80,2219.00,2204.00
04/Jun/2021 | 07:16:15,RELIANCE INDUSTRIES LTD.,2219.00,2183.80,2219.00,2205.60
04/Jun/2021 | 07:16:25,RELIANCE INDUSTRIES LTD.,2219.00,2183.80,2219.00,2205.60
04/Jun/2021 | 07:16:35,RELIANCE INDUSTRIES LTD.,2219.00,2183.80,2219.00,2205.60
04/Jun/2021 | 07:16:46,RELIANCE INDUSTRIES LTD.,2219.00,2183.80,2219.00,2205.60
04/Jun/2021 | 07:16:56,RELIANCE INDUSTRIES LTD.,2219.00,2183.80,2219.00,2205.60
04/Jun/2021 | 07:17:06,RELIANCE INDUSTRIES LTD.,2219.00,2183.80,2219.00,2205.60
04/Jun/2021 | 07:17:16,RELIANCE INDUSTRIES LTD.,2219.00,2183.80,2219.00,2207.00
04/Jun/2021 | 07:17:26,RELIANCE INDUSTRIES LTD.,2219.00,2183.80,2219.00,2207.00
04/Jun/2021 | 07:17:36,RELIANCE INDUSTRIES LTD.,2219.00,2183.80,2219.00,2207.00
04/Jun/2021 | 07:17:46,RELIANCE INDUSTRIES LTD.,2219.00,2183.80,2219.00,2207.00
04/Jun/2021 | 07:50:17,RELIANCE INDUSTRIES LTD.,2219.00,2183.80,2219.00,2200.00
04/Jun/2021 | 07:50:29,RELIANCE INDUSTRIES LTD.,2219.00,2183.80,2219.00,2200.00
04/Jun/2021 | 07:50:39,RELIANCE INDUSTRIES LTD.,2219.00,2183.80,2219.00,2200.00
04/Jun/2021 | 07:50:49,RELIANCE INDUSTRIES LTD.,2219.00,2183.80,2219.00,2198.45
04/Jun/2021 | 07:50:59,RELIANCE INDUSTRIES LTD.,2219.00,2183.80,2219.00,2198.45
04/Jun/2021 | 07:51:09,RELIANCE INDUSTRIES LTD.,2219.00,2183.80,2219.00,2198.45
04/Jun/2021 | 07:51:19,RELIANCE INDUSTRIES LTD.,2219.00,2183.80,2219.00,2198.45
04/Jun/2021 | 07:51:30,RELIANCE INDUSTRIES LTD.,2219.00,2183.80,2219.00,2198.45
04/Jun/2021 | 07:51:40,RELIANCE INDUSTRIES LTD.,2219.00,2183.80,2219.00,2198.45
04/Jun/2021 | 07:51:50,RELIANCE INDUSTRIES LTD.,2219.00,2183.80,2219.00,2198.45
04/Jun/2021 | 07:52:00,RELIANCE INDUSTRIES LTD.,2219.00,2183.80,2219.00,2198.70
04/Jun/2021 | 07:52:10,RELIANCE INDUSTRIES LTD.,2219.00,2183.80,2219.00,2198.70
04/Jun/2021 | 07:52:20,RELIANCE INDUSTRIES LTD.,2219.00,2183.80,2219.00,2198.70
04/Jun/2021 | 07:52:30,RELIANCE INDUSTRIES LTD.,2219.00,2183.80,2219.00,2198.70
04/Jun/2021 | 07:52:40,RELIANCE INDUSTRIES LTD.,2219.00,2183.80,2219.00,2198.70
04/Jun/2021 | 07:52:50,RELIANCE INDUSTRIES LTD.,2219.00,2183.80,2219.00,2198.70
04/Jun/2021 | 07:53:00,RELIANCE INDUSTRIES LTD.,2219.00,2183.80,2219.00,2199.50
04/Jun/2021 | 07:53:10,RELIANCE INDUSTRIES LTD.,2219.00,2183.80,2219.00,2199.50
04/Jun/2021 | 07:53:21,RELIANCE INDUSTRIES LTD.,2219.00,2183.80,2219.00,2199.50
04/Jun/2021 | 07:53:31,RELIANCE INDUSTRIES LTD.,2219.00,2183.80,2219.00,2199.50
04/Jun/2021 | 07:53:41,RELIANCE INDUSTRIES LTD.,2219.00,2183.80,2219.00,2199.50
04/Jun/2021 | 07:53:51,RELIANCE INDUSTRIES LTD.,2219.00,2183.80,2219.00,2198.70
04/Jun/2021 | 07:54:01,RELIANCE INDUSTRIES LTD.,2219.00,2183.80,2219.00,2198.70
04/Jun/2021 | 07:54:11,RELIANCE INDUSTRIES LTD.,2219.00,2183.80,2219.00,2198.70
04/Jun/2021 | 07:54:22,RELIANCE INDUSTRIES LTD.,2219.00,2183.80,2219.00,2198.70
04/Jun/2021 | 07:54:32,RELIANCE INDUSTRIES LTD.,2219.00,2183.80,2219.00,2198.70
04/Jun/2021 | 07:54:42,RELIANCE INDUSTRIES LTD.,2219.00,2183.80,2219.00,2198.70
04/Jun/2021 | 07:54:52,RELIANCE INDUSTRIES LTD.,2219.00,2183.80,2219.00,2198.70
04/Jun/2021 | 07:55:02,RELIANCE INDUSTRIES LTD.,2219.00,2183.80,2219.00,2198.65
04/Jun/2021 | 07:55:12,RELIANCE INDUSTRIES LTD.,2219.00,2183.80,2219.00,2198.65
04/Jun/2021 | 07:55:23,RELIANCE INDUSTRIES LTD.,2219.00,2183.80,2219.00,2198.65
04/Jun/2021 | 07:55:33,RELIANCE INDUSTRIES LTD.,2219.00,2183.80,2219.00,2198.65
04/Jun/2021 | 07:55:43,RELIANCE INDUSTRIES LTD.,2219.00,2183.80,2219.00,2198.65
04/Jun/2021 | 07:55:53,RELIANCE INDUSTRIES LTD.,2219.00,2183.80,2219.00,2198.65
04/Jun/2021 | 07:56:03,RELIANCE INDUSTRIES LTD.,2219.00,2183.80,2219.00,2196.50
04/Jun/2021 | 07:56:13,RELIANCE INDUSTRIES LTD.,2219.00,2183.80,2219.00,2196.50
04/Jun/2021 | 07:56:23,RELIANCE INDUSTRIES LTD.,2219.00,2183.80,2219.00,2196.50
04/Jun/2021 | 07:56:33,RELIANCE INDUSTRIES LTD.,2219.00,2183.80,2219.00,2196.50
04/Jun/2021 | 07:56:43,RELIANCE INDUSTRIES LTD.,2219.00,2183.80,2219.00,2196.50
04/Jun/2021 | 07:56:53,RELIANCE INDUSTRIES LTD.,2219.00,2183.80,2219.00,2195.35
04/Jun/2021 | 07:57:03,RELIANCE INDUSTRIES LTD.,2219.00,2183.80,2219.00,2195.35
04/Jun/2021 | 07:57:14,RELIANCE INDUSTRIES LTD.,2219.00,2183.80,2219.00,2195.35
04/Jun/2021 | 07:57:24,RELIANCE INDUSTRIES LTD.,2219.00,2183.80,2219.00,2195.35
04/Jun/2021 | 08:10:39,RELIANCE INDUSTRIES LTD.,2219.00,2183.80,2219.00,2194.55
04/Jun/2021 | 08:10:49,RELIANCE INDUSTRIES LTD.,2219.00,2183.80,2219.00,2194.55
04/Jun/2021 | 08:11:00,RELIANCE INDUSTRIES LTD.,2219.00,2183.80,2219.00,2194.55
04/Jun/2021 | 08:11:11,RELIANCE INDUSTRIES LTD.,2219.00,2183.80,2219.00,2195.20
04/Jun/2021 | 08:11:21,RELIANCE INDUSTRIES LTD.,2219.00,2183.80,2219.00,2195.20
04/Jun/2021 | 08:11:31,RELIANCE INDUSTRIES LTD.,2219.00,2183.80,2219.00,2195.20
04/Jun/2021 | 08:11:41,RELIANCE INDUSTRIES LTD.,2219.00,2183.80,2219.00,2195.20
04/Jun/2021 | 08:11:51,RELIANCE INDUSTRIES LTD.,2219.00,2183.80,2219.00,2195.20
04/Jun/2021 | 08:12:01,RELIANCE INDUSTRIES LTD.,2219.00,2183.80,2219.00,2195.20
04/Jun/2021 | 08:12:11,RELIANCE INDUSTRIES LTD.,2219.00,2183.80,2219.00,2194.65
04/Jun/2021 | 08:12:21,RELIANCE INDUSTRIES LTD.,2219.00,2183.80,2219.00,2194.65
04/Jun/2021 | 08:12:32,RELIANCE INDUSTRIES LTD.,2219.00,2183.80,2219.00,2194.65
04/Jun/2021 | 08:12:42,RELIANCE INDUSTRIES LTD.,2219.00,2183.80,2219.00,2194.65
04/Jun/2021 | 08:12:52,RELIANCE INDUSTRIES LTD.,2219.00,2183.80,2219.00,2194.65
04/Jun/2021 | 08:13:02,RELIANCE INDUSTRIES LTD.,2219.00,2183.80,2219.00,2194.65
04/Jun/2021 | 08:13:12,RELIANCE INDUSTRIES LTD.,2219.00,2183.80,2219.00,2194.65
04/Jun/2021 | 08:13:22,RELIANCE INDUSTRIES LTD.,2219.00,2183.80,2219.00,2194.30
04/Jun/2021 | 08:13:32,RELIANCE INDUSTRIES LTD.,2219.00,2183.80,2219.00,2194.30
04/Jun/2021 | 08:13:42,RELIANCE INDUSTRIES LTD.,2219.00,2183.80,2219.00,2194.30
04/Jun/2021 | 08:13:52,RELIANCE INDUSTRIES LTD.,2219.00,2183.80,2219.00,2194.30
04/Jun/2021 | 08:14:02,RELIANCE INDUSTRIES LTD.,2219.00,2183.80,2219.00,2194.30
04/Jun/2021 | 08:14:12,RELIANCE INDUSTRIES LTD.,2219.00,2183.80,2219.00,2194.30
04/Jun/2021 | 08:14:23,RELIANCE INDUSTRIES LTD.,2219.00,2183.80,2219.00,2194.30
04/Jun/2021 | 08:14:33,RELIANCE INDUSTRIES LTD.,2219.00,2183.80,2219.00,2193.10
04/Jun/2021 | 08:14:43,RELIANCE INDUSTRIES LTD.,2219.00,2183.80,2219.00,2193.10
04/Jun/2021 | 08:14:53,RELIANCE INDUSTRIES LTD.,2219.00,2183.80,2219.00,2193.10
04/Jun/2021 | 08:15:03,RELIANCE INDUSTRIES LTD.,2219.00,2183.80,2219.00,2193.10
04/Jun/2021 | 08:15:13,RELIANCE INDUSTRIES LTD.,2219.00,2183.80,2219.00,2193.10
04/Jun/2021 | 08:15:23,RELIANCE INDUSTRIES LTD.,2219.00,2183.80,2219.00,2193.05
04/Jun/2021 | 08:15:33,RELIANCE INDUSTRIES LTD.,2219.00,2183.80,2219.00,2193.05
04/Jun/2021 | 08:15:44,RELIANCE INDUSTRIES LTD.,2219.00,2183.80,2219.00,2193.05
04/Jun/2021 | 08:15:55,RELIANCE INDUSTRIES LTD.,2219.00,2183.80,2219.00,2193.05
04/Jun/2021 | 08:16:05,RELIANCE INDUSTRIES LTD.,2219.00,2183.80,2219.00,2193.05
04/Jun/2021 | 08:16:15,RELIANCE INDUSTRIES LTD.,2219.00,2183.80,2219.00,2193.05
04/Jun/2021 | 08:16:25,RELIANCE INDUSTRIES LTD.,2219.00,2183.80,2219.00,2193.05
04/Jun/2021 | 08:16:35,RELIANCE INDUSTRIES LTD.,2219.00,2183.80,2219.00,2193.55
04/Jun/2021 | 08:16:45,RELIANCE INDUSTRIES LTD.,2219.00,2183.80,2219.00,2193.55
04/Jun/2021 | 08:16:55,RELIANCE INDUSTRIES LTD.,2219.00,2183.80,2219.00,2193.55
04/Jun/2021 | 08:17:05,RELIANCE INDUSTRIES LTD.,2219.00,2183.80,2219.00,2193.55
04/Jun/2021 | 08:17:16,RELIANCE INDUSTRIES LTD.,2219.00,2183.80,2219.00,2193.55
04/Jun/2021 | 08:17:26,RELIANCE INDUSTRIES LTD.,2219.00,2183.80,2219.00,2193.55
04/Jun/2021 | 08:17:36,RELIANCE INDUSTRIES LTD.,2219.00,2183.80,2219.00,2194.20
04/Jun/2021 | 08:17:47,RELIANCE INDUSTRIES LTD.,2219.00,2183.80,2219.00,2194.20
04/Jun/2021 | 08:17:57,RELIANCE INDUSTRIES LTD.,2219.00,2183.80,2219.00,2194.20
04/Jun/2021 | 08:18:07,RELIANCE INDUSTRIES LTD.,2219.00,2183.80,2219.00,2194.20
04/Jun/2021 | 08:18:17,RELIANCE INDUSTRIES LTD.,2219.00,2183.80,2219.00,2194.20
04/Jun/2021 | 08:18:27,RELIANCE INDUSTRIES LTD.,2219.00,2183.80,2219.00,2195.00
04/Jun/2021 | 08:18:37,RELIANCE INDUSTRIES LTD.,2219.00,2183.80,2219.00,2195.00
04/Jun/2021 | 08:18:48,RELIANCE INDUSTRIES LTD.,2219.00,2183.80,2219.00,2195.00
04/Jun/2021 | 08:18:58,RELIANCE INDUSTRIES LTD.,2219.00,2183.80,2219.00,2195.00
04/Jun/2021 | 08:19:08,RELIANCE INDUSTRIES LTD.,2219.00,2183.80,2219.00,2195.00
04/Jun/2021 | 08:19:18,RELIANCE INDUSTRIES LTD.,2219.00,2183.80,2219.00,2195.00
04/Jun/2021 | 08:19:28,RELIANCE INDUSTRIES LTD.,2219.00,2183.80,2219.00,2195.00
04/Jun/2021 | 08:19:38,RELIANCE INDUSTRIES LTD.,2219.00,2183.80,2219.00,2193.50
04/Jun/2021 | 08:19:48,RELIANCE INDUSTRIES LTD.,2219.00,2183.80,2219.00,2193.50
04/Jun/2021 | 08:19:58,RELIANCE INDUSTRIES LTD.,2219.00,2183.80,2219.00,2193.50
04/Jun/2021 | 08:20:09,RELIANCE INDUSTRIES LTD.,2219.00,2183.80,2219.00,2193.50
04/Jun/2021 | 08:20:19,RELIANCE INDUSTRIES LTD.,2219.00,2183.80,2219.00,2193.50
04/Jun/2021 | 08:20:29,RELIANCE INDUSTRIES LTD.,2219.00,2183.80,2219.00,2193.50
04/Jun/2021 | 08:20:39,RELIANCE INDUSTRIES LTD.,2219.00,2183.80,2219.00,2193.20
04/Jun/2021 | 08:20:49,RELIANCE INDUSTRIES LTD.,2219.00,2183.80,2219.00,2193.20
04/Jun/2021 | 08:20:59,RELIANCE INDUSTRIES LTD.,2219.00,2183.80,2219.00,2193.20
04/Jun/2021 | 08:21:09,RELIANCE INDUSTRIES LTD.,2219.00,2183.80,2219.00,2193.20
04/Jun/2021 | 08:21:19,RELIANCE INDUSTRIES LTD.,2219.00,2183.80,2219.00,2193.20
04/Jun/2021 | 08:21:30,RELIANCE INDUSTRIES LTD.,2219.00,2183.80,2219.00,2193.25
04/Jun/2021 | 08:21:40,RELIANCE INDUSTRIES LTD.,2219.00,2183.80,2219.00,2193.25
04/Jun/2021 | 08:21:50,RELIANCE INDUSTRIES LTD.,2219.00,2183.80,2219.00,2193.25
04/Jun/2021 | 08:22:00,RELIANCE INDUSTRIES LTD.,2219.00,2183.80,2219.00,2193.25
04/Jun/2021 | 08:22:10,RELIANCE INDUSTRIES LTD.,2219.00,2183.80,2219.00,2193.25
04/Jun/2021 | 08:22:20,RELIANCE INDUSTRIES LTD.,2219.00,2183.80,2219.00,2192.65
04/Jun/2021 | 08:22:30,RELIANCE INDUSTRIES LTD.,2219.00,2183.80,2219.00,2193.25
04/Jun/2021 | 08:22:41,RELIANCE INDUSTRIES LTD.,2219.00,2183.80,2219.00,2192.65
04/Jun/2021 | 08:22:51,RELIANCE INDUSTRIES LTD.,2219.00,2183.80,2219.00,2192.65
04/Jun/2021 | 08:23:01,RELIANCE INDUSTRIES LTD.,2219.00,2183.80,2219.00,2192.65
04/Jun/2021 | 08:23:11,RELIANCE INDUSTRIES LTD.,2219.00,2183.80,2219.00,2192.65
04/Jun/2021 | 08:23:21,RELIANCE INDUSTRIES LTD.,2219.00,2183.80,2219.00,2192.65
04/Jun/2021 | 08:23:31,RELIANCE INDUSTRIES LTD.,2219.00,2183.80,2219.00,2192.65
04/Jun/2021 | 08:23:41,RELIANCE INDUSTRIES LTD.,2219.00,2183.80,2219.00,2193.10
04/Jun/2021 | 08:23:51,RELIANCE INDUSTRIES LTD.,2219.00,2183.80,2219.00,2193.10
04/Jun/2021 | 08:24:01,RELIANCE INDUSTRIES LTD.,2219.00,2183.80,2219.00,2193.10
04/Jun/2021 | 08:24:11,RELIANCE INDUSTRIES LTD.,2219.00,2183.80,2219.00,2193.10
04/Jun/2021 | 08:24:21,RELIANCE INDUSTRIES LTD.,2219.00,2183.80,2219.00,2193.10
04/Jun/2021 | 08:24:31,RELIANCE INDUSTRIES LTD.,2219.00,2183.80,2219.00,2192.00
04/Jun/2021 | 08:24:42,RELIANCE INDUSTRIES LTD.,2219.00,2183.80,2219.00,2193.10
04/Jun/2021 | 08:24:52,RELIANCE INDUSTRIES LTD.,2219.00,2183.80,2219.00,2192.00
04/Jun/2021 | 08:25:02,RELIANCE INDUSTRIES LTD.,2219.00,2183.80,2219.00,2192.00
04/Jun/2021 | 08:25:12,RELIANCE INDUSTRIES LTD.,2219.00,2183.80,2219.00,2192.00
04/Jun/2021 | 08:25:22,RELIANCE INDUSTRIES LTD.,2219.00,2183.80,2219.00,2192.00
04/Jun/2021 | 08:25:32,RELIANCE INDUSTRIES LTD.,2219.00,2183.80,2219.00,2192.00
04/Jun/2021 | 08:25:42,RELIANCE INDUSTRIES LTD.,2219.00,2183.80,2219.00,2192.00
04/Jun/2021 | 08:25:52,RELIANCE INDUSTRIES LTD.,2219.00,2183.80,2219.00,2192.00
04/Jun/2021 | 08:26:02,RELIANCE INDUSTRIES LTD.,2219.00,2183.80,2219.00,2192.00
04/Jun/2021 | 08:26:13,RELIANCE INDUSTRIES LTD.,2219.00,2183.80,2219.00,2192.00
04/Jun/2021 | 08:26:23,RELIANCE INDUSTRIES LTD.,2219.00,2183.80,2219.00,2192.00
04/Jun/2021 | 08:26:34,RELIANCE INDUSTRIES LTD.,2219.00,2183.80,2219.00,2193.10
04/Jun/2021 | 08:26:44,RELIANCE INDUSTRIES LTD.,2219.00,2183.80,2219.00,2193.10
04/Jun/2021 | 08:26:54,RELIANCE INDUSTRIES LTD.,2219.00,2183.80,2219.00,2193.10
04/Jun/2021 | 08:27:04,RELIANCE INDUSTRIES LTD.,2219.00,2183.80,2219.00,2193.10
04/Jun/2021 | 08:27:14,RELIANCE INDUSTRIES LTD.,2219.00,2183.80,2219.00,2193.10
04/Jun/2021 | 08:27:24,RELIANCE INDUSTRIES LTD.,2219.00,2183.80,2219.00,2193.10
04/Jun/2021 | 08:27:35,RELIANCE INDUSTRIES LTD.,2219.00,2183.80,2219.00,2193.10
04/Jun/2021 | 08:27:45,RELIANCE INDUSTRIES LTD.,2219.00,2183.80,2219.00,2194.00
